source,kind,symbol,named_methods,disposition,reason,declared_responsibility
src/Cancellation/Internal/CancellationState.php,class,CancellationState,13,retain,Shared cancellation identity and bounded observer lifecycle,Stores mutable cancellation state shared by a source and its token.  @internal
src/CancellationSource.php,class,CancellationSource,17,retain,"Public entry point, validated policy or request/cancellation ownership",Creates and owns a cancellation token and its mutable cancellation state.
src/CancellationSubscription.php,class,CancellationSubscription,3,retain,"Public entry point, validated policy or request/cancellation ownership",Represents a removable observer registration on a cancellation state.
src/CancellationToken.php,class,CancellationToken,9,retain,"Public entry point, validated policy or request/cancellation ownership",Provides read-only access to cancellation state and deadline propagation.
src/Control/ControlOptions.php,class,ControlOptions,1,retain,Validated control policy and separate local control-plane boundary,Defines validated limits and socket settings for the runtime control server.
src/Control/ControlServer.php,class,ControlServer,15,retain,Validated control policy and separate local control-plane boundary,Exposes supervisor control operations over a bounded local Unix socket protocol.
src/Coroutine/Barrier.php,class,Barrier,7,retain,"Structured concurrency, synchronization, task identity or lifecycle",Coordinates a fixed number of coroutine parties at reusable synchronization generations.
src/Coroutine/Channel.php,class,Channel,14,retain,"Structured concurrency, synchronization, task identity or lifecycle",Provides bounded or rendezvous message passing between coroutines.
src/Coroutine/CoroutineDiagnosticsSnapshot.php,class,CoroutineDiagnosticsSnapshot,1,retain,"Structured concurrency, synchronization, task identity or lifecycle",Captures a point-in-time snapshot of coroutine and event-loop diagnostics.
src/Coroutine/CoroutinePolicy.php,class,CoroutinePolicy,1,retain,"Structured concurrency, synchronization, task identity or lifecycle",Defines validated resource and scheduling limits for coroutine execution.
src/Coroutine/CoroutineRuntime.php,class,CoroutineRuntime,8,retain,"Structured concurrency, synchronization, task identity or lifecycle",Runs structured coroutine scopes on a single scheduler and event loop.
src/Coroutine/CoroutineScope.php,class,CoroutineScope,37,retain,"Structured concurrency, synchronization, task identity or lifecycle","Owns structured child tasks, cancellation, synchronization, and task-local state."
src/Coroutine/Deferred.php,class,Deferred,4,retain,"Structured concurrency, synchronization, task identity or lifecycle",Completes a future exactly once with either a value or an error.
src/Coroutine/Enum/TaskGroupFailureMode.php,enum,TaskGroupFailureMode,0,retain,"Structured concurrency, synchronization, task identity or lifecycle",Defines how a coroutine task group propagates child failures.
src/Coroutine/Enum/TaskLocalInheritance.php,enum,TaskLocalInheritance,0,retain,"Structured concurrency, synchronization, task identity or lifecycle",Defines how task-local values are inherited by child tasks.
src/Coroutine/Enum/TaskState.php,enum,TaskState,0,retain,"Structured concurrency, synchronization, task identity or lifecycle",Represents the lifecycle state of a coroutine task.
src/Coroutine/Exception/BarrierBrokenException.php,class,BarrierBrokenException,1,retain,"Structured concurrency, synchronization, task identity or lifecycle",Signals that a barrier generation can no longer complete successfully.
src/Coroutine/Exception/ChannelClosedException.php,class,ChannelClosedException,0,retain,"Structured concurrency, synchronization, task identity or lifecycle",Signals an operation attempted on a closed coroutine channel.
src/Coroutine/Exception/CoroutineDeadlockException.php,class,CoroutineDeadlockException,1,retain,"Structured concurrency, synchronization, task identity or lifecycle",Signals that the coroutine scheduler is idle while live tasks remain.
src/Coroutine/Exception/CoroutineOverflowException.php,class,CoroutineOverflowException,0,retain,"Structured concurrency, synchronization, task identity or lifecycle",Signals that a configured coroutine capacity limit has been exceeded.
src/Coroutine/Exception/FutureCompletedException.php,class,FutureCompletedException,0,retain,"Structured concurrency, synchronization, task identity or lifecycle",Indicates an attempt to complete an already-settled future.
src/Coroutine/Exception/InvalidSuspensionException.php,class,InvalidSuspensionException,0,retain,"Structured concurrency, synchronization, task identity or lifecycle",Indicates that a coroutine suspended outside a supported scheduler primitive.
src/Coroutine/Exception/SynchronizationException.php,class,SynchronizationException,0,retain,"Structured concurrency, synchronization, task identity or lifecycle",Base exception for coroutine synchronization failures.
src/Coroutine/Exception/TaskGroupException.php,class,TaskGroupException,2,retain,"Structured concurrency, synchronization, task identity or lifecycle",Reports one or more unhandled failures from a coroutine task group.
src/Coroutine/Future.php,class,Future,8,retain,"Structured concurrency, synchronization, task identity or lifecycle",Represents a value that will be completed asynchronously by a Deferred.
src/Coroutine/Internal/CancellationWait.php,class,CancellationWait,4,retain,"Structured concurrency, synchronization, task identity or lifecycle",Coordinates cancellation and deadline wake-ups for a suspended coroutine.  @internal
src/Coroutine/Internal/ChannelSendWaiter.php,class,ChannelSendWaiter,1,retain,"Structured concurrency, synchronization, task identity or lifecycle",Carries a pending channel send operation and its cancellation context.  @internal
src/Coroutine/Internal/FiberScheduler.php,class,FiberScheduler,29,retain,"Structured concurrency, synchronization, task identity or lifecycle",@internal
src/Coroutine/Internal/FutureState.php,class,FutureState,9,retain,"Structured concurrency, synchronization, task identity or lifecycle",@internal
src/Coroutine/Internal/FutureSuspension.php,class,FutureSuspension,3,retain,"Structured concurrency, synchronization, task identity or lifecycle",@internal
src/Coroutine/Internal/LoopWaitSuspension.php,class,LoopWaitSuspension,2,retain,"Structured concurrency, synchronization, task identity or lifecycle",@internal
src/Coroutine/Internal/PrimitiveWaiter.php,class,PrimitiveWaiter,1,retain,"Structured concurrency, synchronization, task identity or lifecycle",@internal
src/Coroutine/Internal/ReadyItem.php,class,ReadyItem,1,retain,"Structured concurrency, synchronization, task identity or lifecycle",@internal
src/Coroutine/Internal/ReadyQueue.php,class,ReadyQueue,5,retain,"Structured concurrency, synchronization, task identity or lifecycle",@internal
src/Coroutine/Internal/Suspension.php,interface,Suspension,1,retain,"Structured concurrency, synchronization, task identity or lifecycle",@internal
src/Coroutine/Internal/SuspensionState.php,class,SuspensionState,7,retain,"Structured concurrency, synchronization, task identity or lifecycle",@internal
src/Coroutine/Internal/TaskLocalState.php,class,TaskLocalState,6,retain,"Structured concurrency, synchronization, task identity or lifecycle",@internal
src/Coroutine/Mutex.php,class,Mutex,7,retain,"Structured concurrency, synchronization, task identity or lifecycle",Provides non-recursive mutual exclusion between coroutine tasks.
src/Coroutine/Network/AsyncConnection.php,class,AsyncConnection,19,retain,"Structured concurrency, synchronization, task identity or lifecycle",Provides coroutine-friendly waiting around a network connection.
src/Coroutine/Semaphore.php,class,Semaphore,7,retain,"Structured concurrency, synchronization, task identity or lifecycle",Limits concurrent coroutine access through a fixed permit count.
src/Coroutine/Task.php,class,Task,20,retain,"Structured concurrency, synchronization, task identity or lifecycle",Represents a scheduler-owned coroutine task and its completion state.
src/Coroutine/TaskLocal.php,class,TaskLocal,3,retain,"Structured concurrency, synchronization, task identity or lifecycle",Defines a task-local key with a default value and inheritance policy.
src/DatagramServer.php,class,DatagramServer,5,retain,"Public entry point, validated policy or request/cancellation ownership",Defines a UDP datagram server and its worker-scoped handler configuration.
src/Exception/ApplicationShutdownException.php,class,ApplicationShutdownException,1,retain,Consumer failure taxonomy and preserved failure information,Retains a primary runtime failure together with every shutdown failure.
src/Exception/ApplicationStartupException.php,class,ApplicationStartupException,1,retain,Consumer failure taxonomy and preserved failure information,Wraps a failure raised during a runtime application startup phase.
src/Exception/CancelledException.php,class,CancelledException,1,retain,Consumer failure taxonomy and preserved failure information,Reports cancellation together with its runtime reason.
src/Exception/ListenerException.php,class,ListenerException,0,retain,Consumer failure taxonomy and preserved failure information,Reports listener setup or lifecycle failures.
src/Exception/ProcessException.php,class,ProcessException,0,retain,Consumer failure taxonomy and preserved failure information,Base exception for managed process failures.
src/Exception/ProcessStartException.php,class,ProcessStartException,0,retain,Consumer failure taxonomy and preserved failure information,Reports a failure to start a managed process.
src/Exception/ProtocolException.php,class,ProtocolException,0,retain,Consumer failure taxonomy and preserved failure information,Base exception for wire-protocol parsing and framing failures.
src/Exception/RequestLifecycleException.php,class,RequestLifecycleException,1,retain,Consumer failure taxonomy and preserved failure information,Aggregates a request failure with failures raised during request reset.
src/Exception/RuntimeUnavailableException.php,class,RuntimeUnavailableException,0,retain,Consumer failure taxonomy and preserved failure information,Reports that a requested runtime capability is unavailable.
src/Exception/SupervisorException.php,class,SupervisorException,0,retain,Consumer failure taxonomy and preserved failure information,Reports supervisor lifecycle or worker-management failures.
src/FpmOptions.php,class,FpmOptions,2,retain,"Public entry point, validated policy or request/cancellation ownership",Configures request and response size limits for FPM execution.
src/FrankenPhpOptions.php,class,FrankenPhpOptions,2,retain,"Public entry point, validated policy or request/cancellation ownership",Configures FrankenPHP execution mode and payload limits.
src/Http/Enum/ProtocolVersion.php,enum,ProtocolVersion,0,retain,"Protocol value, validation, bounded wire state or transport responsibility",Identifies the HTTP protocol version negotiated for a request or connection.
src/Http/HeaderField.php,class,HeaderField,3,retain,"Protocol value, validation, bounded wire state or transport responsibility",Represents one validated HTTP header field.
src/Http/Headers.php,class,Headers,6,retain,"Protocol value, validation, bounded wire state or transport responsibility",Stores an ordered collection of validated HTTP header fields.
src/Http/Http1/Enum/ParserState.php,enum,ParserState,0,candidate W3,Private parser state candidate only if equivalent closed-state safety,Tracks the active state of the HTTP/1 request parser.
src/Http/Http1/Http1Connection.php,class,Http1Connection,33,retain,"Protocol value, validation, bounded wire state or transport responsibility",Parses and serves HTTP/1.1 exchanges over a single network connection.
src/Http/Http1/Http1Limits.php,class,Http1Limits,1,retain,"Protocol value, validation, bounded wire state or transport responsibility","Defines parser, buffering, response, and timeout limits for HTTP/1.1."
src/Http/Http1/Http1ResponseWriter.php,class,Http1ResponseWriter,25,retain,"Protocol value, validation, bounded wire state or transport responsibility",Serializes bounded HTTP/1.1 responses onto a network connection.
src/Http/Http1/Internal/ChunkSizeDecoder.php,class,ChunkSizeDecoder,2,retain,"Protocol value, validation, bounded wire state or transport responsibility",Decodes bounded HTTP/1.1 chunk-size lines.
src/Http/Http1/Internal/Http1Input.php,class,Http1Input,6,retain,"Protocol value, validation, bounded wire state or transport responsibility",Buffers and slices HTTP/1.1 bytes from a network connection.
src/Http/Http1/Internal/Http1Syntax.php,class,Http1Syntax,5,retain,"Protocol value, validation, bounded wire state or transport responsibility",Validates and parses HTTP/1.1 request-line and field syntax.
src/Http/Http1/Internal/ParseFailure.php,class,ParseFailure,1,retain,"Protocol value, validation, bounded wire state or transport responsibility",Carries the HTTP status associated with an HTTP/1.1 parse failure.
src/Http/Http1/Internal/RequestHead.php,class,RequestHead,1,retain,"Protocol value, validation, bounded wire state or transport responsibility",Holds validated HTTP/1.1 request framing metadata.
src/Http/Http1/Internal/RequestHeadValidator.php,class,RequestHeadValidator,7,retain,"Protocol value, validation, bounded wire state or transport responsibility",Validates HTTP/1.1 request framing and routing headers.
src/Http/Http1/Internal/WebSocketUpgradeOwner.php,class,WebSocketUpgradeOwner,7,retain,"Protocol value, validation, bounded wire state or transport responsibility",Owns HTTP/1 to WebSocket transport handoff without expanding parser responsibility.  @internal
src/Http/Http2/Enum/ErrorCode.php,enum,ErrorCode,0,retain,"Protocol value, validation, bounded wire state or transport responsibility",Defines HTTP/2 protocol error codes.
src/Http/Http2/Enum/FrameType.php,enum,FrameType,0,retain,"Protocol value, validation, bounded wire state or transport responsibility",Defines standard HTTP/2 frame type identifiers.
src/Http/Http2/Enum/StreamState.php,enum,StreamState,0,retain,"Protocol value, validation, bounded wire state or transport responsibility",Represents the HTTP/2 stream state machine states.
src/Http/Http2/Frame.php,class,Frame,3,retain,"Protocol value, validation, bounded wire state or transport responsibility",Represents one validated HTTP/2 frame.
src/Http/Http2/FrameParser.php,class,FrameParser,7,retain,"Protocol value, validation, bounded wire state or transport responsibility",Incrementally parses HTTP/2 frames from arbitrary byte chunks.
src/Http/Http2/FrameWriter.php,class,FrameWriter,6,retain,"Protocol value, validation, bounded wire state or transport responsibility",Encodes HTTP/2 frames and common control-frame payloads.
src/Http/Http2/Hpack/Decoder.php,class,Decoder,10,retain,"Protocol value, validation, bounded wire state or transport responsibility",Decodes bounded HPACK header blocks while maintaining dynamic-table state.
src/Http/Http2/Hpack/DynamicTable.php,class,DynamicTable,10,retain,"Protocol value, validation, bounded wire state or transport responsibility",Maintains the bounded HPACK dynamic header table.
src/Http/Http2/Hpack/Encoder.php,class,Encoder,7,retain,"Protocol value, validation, bounded wire state or transport responsibility",Encodes HTTP headers into HPACK blocks while maintaining dynamic-table state.
src/Http/Http2/Hpack/HpackException.php,class,HpackException,0,retain,"Protocol value, validation, bounded wire state or transport responsibility",Reports HPACK encoding and decoding failures.
src/Http/Http2/Hpack/HuffmanCodec.php,class,HuffmanCodec,4,retain,"Protocol value, validation, bounded wire state or transport responsibility",Encodes and decodes the HPACK static Huffman code.
src/Http/Http2/Hpack/HuffmanTable.php,class,HuffmanTable,0,retain,"Protocol value, validation, bounded wire state or transport responsibility",Provides the RFC 7541 static Huffman code tables used by HPACK.
src/Http/Http2/Hpack/IntegerCodec.php,class,IntegerCodec,4,retain,"Protocol value, validation, bounded wire state or transport responsibility",Encodes and decodes HPACK variable-length integers.
src/Http/Http2/Hpack/StaticTable.php,class,StaticTable,1,retain,"Protocol value, validation, bounded wire state or transport responsibility",Provides the RFC 7541 HPACK static header table.
src/Http/Http2/Http2Connection.php,class,Http2Connection,28,retain,"Protocol value, validation, bounded wire state or transport responsibility",Manages one native HTTP/2 server connection and its stream lifecycle.
src/Http/Http2/Http2Limits.php,class,Http2Limits,2,retain,"Protocol value, validation, bounded wire state or transport responsibility","Defines bounded resource, flow-control, buffering, and timeout limits for HTTP/2."
src/Http/Http2/Http2ResponseWriter.php,class,Http2ResponseWriter,12,retain,"Protocol value, validation, bounded wire state or transport responsibility",Writes bounded HTTP/2 responses through stream-aware scheduling callbacks.
src/Http/Http2/Internal/ConnectionError.php,class,ConnectionError,1,retain,"Protocol value, validation, bounded wire state or transport responsibility",Reports a connection-scoped HTTP/2 protocol failure.
src/Http/Http2/Internal/ControlFrameBudget.php,class,ControlFrameBudget,2,retain,"Protocol value, validation, bounded wire state or transport responsibility",Enforces a per-second budget for inbound HTTP/2 control frames.
src/Http/Http2/Internal/FlowController.php,class,FlowController,8,retain,"Protocol value, validation, bounded wire state or transport responsibility",Tracks HTTP/2 connection and stream flow-control windows.
src/Http/Http2/Internal/Http2Stream.php,class,Http2Stream,7,retain,"Protocol value, validation, bounded wire state or transport responsibility",Stores mutable state for one HTTP/2 stream.
src/Http/Http2/Internal/PendingHeaderBlock.php,class,PendingHeaderBlock,4,retain,"Protocol value, validation, bounded wire state or transport responsibility",Accumulates a bounded HTTP/2 HEADERS/CONTINUATION block.
src/Http/Http2/Internal/RequestStreamProcessor.php,class,RequestStreamProcessor,36,retain,"Protocol value, validation, bounded wire state or transport responsibility","Owns inbound HTTP/2 request-stream parsing, validation, and dispatch."
src/Http/Http2/Internal/ResponseScheduler.php,class,ResponseScheduler,24,retain,"Protocol value, validation, bounded wire state or transport responsibility",Schedules bounded HTTP/2 response frames across active streams.
src/Http/Http2/Internal/StreamError.php,class,StreamError,1,retain,"Protocol value, validation, bounded wire state or transport responsibility",Reports a stream-scoped HTTP/2 protocol failure.
src/Http/Http2/PeerSettings.php,class,PeerSettings,6,retain,"Protocol value, validation, bounded wire state or transport responsibility",Stores and applies settings advertised by an HTTP/2 peer.
src/Http/Http3/ControlStream.php,class,ControlStream,6,retain,"Protocol value, validation, bounded wire state or transport responsibility",Parses and validates the peer HTTP/3 control stream.
src/Http/Http3/Enum/ErrorCode.php,enum,ErrorCode,0,retain,"Protocol value, validation, bounded wire state or transport responsibility",Defines HTTP/3 and QPACK application error codes.
src/Http/Http3/Enum/FrameType.php,enum,FrameType,0,retain,"Protocol value, validation, bounded wire state or transport responsibility",Defines standard HTTP/3 frame type identifiers.
src/Http/Http3/Enum/SettingIdentifier.php,enum,SettingIdentifier,0,retain,"Protocol value, validation, bounded wire state or transport responsibility",Defines supported HTTP/3 SETTINGS identifiers.
src/Http/Http3/Enum/StreamType.php,enum,StreamType,0,retain,"Protocol value, validation, bounded wire state or transport responsibility",Defines HTTP/3 unidirectional stream type identifiers.
src/Http/Http3/Frame.php,class,Frame,2,retain,"Protocol value, validation, bounded wire state or transport responsibility",Represents one validated HTTP/3 frame.
src/Http/Http3/FrameParser.php,class,FrameParser,7,retain,"Protocol value, validation, bounded wire state or transport responsibility",Incrementally parses bounded HTTP/3 frames from arbitrary byte chunks.
src/Http/Http3/Http3Exception.php,class,Http3Exception,1,retain,"Protocol value, validation, bounded wire state or transport responsibility",Reports an HTTP/3 protocol failure with its application error code.
src/Http/Http3/Http3Limits.php,class,Http3Limits,7,retain,"Protocol value, validation, bounded wire state or transport responsibility","Defines bounded HTTP/3, QPACK, stream, buffering, and pump resource limits."
src/Http/Http3/Http3Options.php,class,Http3Options,3,retain,"Protocol value, validation, bounded wire state or transport responsibility","Defines HTTP/3 listener, polling, handshake, and resource-limit options."
src/Http/Http3/Http3ResponseWriter.php,class,Http3ResponseWriter,12,retain,"Protocol value, validation, bounded wire state or transport responsibility",Writes bounded HTTP/3 responses through stream-aware transport callbacks.
src/Http/Http3/Http3Session.php,class,Http3Session,9,retain,"Protocol value, validation, bounded wire state or transport responsibility",Coordinates HTTP/3 stream input with request dispatch and response writer creation.
src/Http/Http3/Internal/ConnectionState.php,class,ConnectionState,24,retain,"Protocol value, validation, bounded wire state or transport responsibility","Owns HTTP/3 connection-level stream, SETTINGS, and QPACK state."
src/Http/Http3/Internal/Http3TransportInterface.php,interface,Http3TransportInterface,3,retain,"Protocol value, validation, bounded wire state or transport responsibility",Defines the transport operations required by the HTTP/3 response scheduler.
src/Http/Http3/Internal/PeerUnidirectionalStream.php,class,PeerUnidirectionalStream,6,retain,"Protocol value, validation, bounded wire state or transport responsibility",Parses and tracks the type prefix of a peer HTTP/3 unidirectional stream.
src/Http/Http3/Internal/RequestStream.php,class,RequestStream,28,retain,"Protocol value, validation, bounded wire state or transport responsibility","Parses one HTTP/3 request stream and coordinates QPACK, body, and trailer state."
src/Http/Http3/Internal/ResponseScheduler.php,class,ResponseScheduler,26,retain,"Protocol value, validation, bounded wire state or transport responsibility","Queues, bounds, and flushes HTTP/3 response and QPACK encoder bytes."
src/Http/Http3/Internal/ResponseStream.php,class,ResponseStream,1,retain,"Protocol value, validation, bounded wire state or transport responsibility",Stores mutable outbound state for one HTTP/3 response stream.
src/Http/Http3/Qpack/BlockedFieldSectionException.php,class,BlockedFieldSectionException,1,retain,"Protocol value, validation, bounded wire state or transport responsibility",Reports a QPACK field section blocked on a future dynamic-table insert count.
src/Http/Http3/Qpack/CheckedInteger.php,class,CheckedInteger,2,retain,"Protocol value, validation, bounded wire state or transport responsibility",Performs checked non-negative integer arithmetic for attacker-controlled QPACK values.  @internal
src/Http/Http3/Qpack/DecodedFieldSection.php,class,DecodedFieldSection,1,retain,"Protocol value, validation, bounded wire state or transport responsibility",Carries a decoded QPACK field section and its dynamic-table reference metadata.
src/Http/Http3/Qpack/Decoder.php,class,Decoder,8,retain,"Protocol value, validation, bounded wire state or transport responsibility",Decodes QPACK field sections and manages blocked-stream acknowledgements.
src/Http/Http3/Qpack/DecoderInstruction.php,class,DecoderInstruction,1,retain,"Protocol value, validation, bounded wire state or transport responsibility",Represents one decoded QPACK decoder-stream instruction.
src/Http/Http3/Qpack/DecoderStreamDecoder.php,class,DecoderStreamDecoder,4,retain,"Protocol value, validation, bounded wire state or transport responsibility",Incrementally decodes peer QPACK decoder-stream instructions.
src/Http/Http3/Qpack/DecoderStreamEncoder.php,class,DecoderStreamEncoder,3,retain,"Protocol value, validation, bounded wire state or transport responsibility",Encodes local QPACK decoder-stream instructions.
src/Http/Http3/Qpack/DynamicTable.php,class,DynamicTable,22,retain,"Protocol value, validation, bounded wire state or transport responsibility",Maintains the bounded QPACK dynamic table and reference accounting.
src/Http/Http3/Qpack/EncodedFieldSection.php,class,EncodedFieldSection,1,retain,"Protocol value, validation, bounded wire state or transport responsibility",Carries an encoded QPACK field section and its blocking metadata.
src/Http/Http3/Qpack/Encoder.php,class,Encoder,19,retain,"Protocol value, validation, bounded wire state or transport responsibility",Encodes QPACK field sections while tracking peer acknowledgements and table references.
src/Http/Http3/Qpack/EncoderStreamDecoder.php,class,EncoderStreamDecoder,8,retain,"Protocol value, validation, bounded wire state or transport responsibility",Incrementally decodes peer QPACK encoder-stream instructions into a dynamic table.
src/Http/Http3/Qpack/EncoderStreamEncoder.php,class,EncoderStreamEncoder,4,retain,"Protocol value, validation, bounded wire state or transport responsibility",Encodes local QPACK encoder-stream instructions.
src/Http/Http3/Qpack/Enum/DecoderInstructionType.php,enum,DecoderInstructionType,0,retain,"Protocol value, validation, bounded wire state or transport responsibility",Identifies QPACK decoder-stream instruction kinds.
src/Http/Http3/Qpack/FieldSectionDecoder.php,class,FieldSectionDecoder,10,retain,"Protocol value, validation, bounded wire state or transport responsibility",Decodes one bounded QPACK field section against the dynamic table.
src/Http/Http3/Qpack/IntegerCodec.php,class,IntegerCodec,5,retain,"Protocol value, validation, bounded wire state or transport responsibility",Encodes and decodes QPACK prefixed integers.
src/Http/Http3/Qpack/ReadyFieldSection.php,class,ReadyFieldSection,1,retain,"Protocol value, validation, bounded wire state or transport responsibility",Associates a newly unblocked QPACK field section with its request stream.
src/Http/Http3/Qpack/SectionReference.php,class,SectionReference,1,retain,"Protocol value, validation, bounded wire state or transport responsibility",Tracks dynamic-table entries referenced by an outstanding encoded field section.
src/Http/Http3/Qpack/StaticTable.php,class,StaticTable,3,retain,"Protocol value, validation, bounded wire state or transport responsibility",Provides lookups for the RFC-defined QPACK static table.
src/Http/Http3/Qpack/StringCodec.php,class,StringCodec,3,retain,"Protocol value, validation, bounded wire state or transport responsibility",Encodes and decodes bounded QPACK string literals with optional Huffman coding.
src/Http/Http3/Quic/PhpQuicApi.php,class,PhpQuicApi,18,retain,"Protocol value, validation, bounded wire state or transport responsibility","Provides validated, late-bound access to the ext-quic PHP API surface."
src/Http/Http3/Quic/PhpQuicConnection.php,class,PhpQuicConnection,10,retain,"Protocol value, validation, bounded wire state or transport responsibility",Wraps an ext-quic connection behind a validated Runwire-facing API.
src/Http/Http3/Quic/PhpQuicEventMasks.php,class,PhpQuicEventMasks,2,retain,"Protocol value, validation, bounded wire state or transport responsibility","Groups validated, non-overlapping native QUIC readiness event masks."
src/Http/Http3/Quic/PhpQuicHttp3Connection.php,class,PhpQuicHttp3Connection,33,retain,"Protocol value, validation, bounded wire state or transport responsibility",Drives one native QUIC connection as an HTTP/3 server connection.
src/Http/Http3/Quic/PhpQuicHttp3Poller.php,class,PhpQuicHttp3Poller,10,retain,"Protocol value, validation, bounded wire state or transport responsibility",Builds and interprets readiness polls for native HTTP/3 QUIC objects.
src/Http/Http3/Quic/PhpQuicHttp3Worker.php,class,PhpQuicHttp3Worker,15,retain,"Protocol value, validation, bounded wire state or transport responsibility","Runs bounded HTTP/3 connection acceptance, handshakes, polling, and draining."
src/Http/Http3/Quic/PhpQuicListener.php,class,PhpQuicListener,11,retain,"Protocol value, validation, bounded wire state or transport responsibility",Wraps and validates a native ext-quic listener for HTTP/3 use.
src/Http/Http3/Quic/PhpQuicStream.php,class,PhpQuicStream,10,retain,"Protocol value, validation, bounded wire state or transport responsibility","Wraps a native ext-quic stream with validated read, write, and lifecycle operations."
src/Http/Http3/Quic/PhpQuicTransport.php,class,PhpQuicTransport,11,retain,"Protocol value, validation, bounded wire state or transport responsibility",Adapts native QUIC streams to the HTTP/3 response transport contract.
src/Http/Http3/Settings.php,class,Settings,7,retain,"Protocol value, validation, bounded wire state or transport responsibility",Stores validated HTTP/3 SETTINGS values and protocol defaults.
src/Http/Http3/SettingsCodec.php,class,SettingsCodec,3,retain,"Protocol value, validation, bounded wire state or transport responsibility",Encodes and decodes HTTP/3 SETTINGS frame payloads.
src/Http/Http3/VarIntCodec.php,class,VarIntCodec,4,retain,"Protocol value, validation, bounded wire state or transport responsibility",Encodes and decodes QUIC variable-length integers used by HTTP/3.
src/Http/HttpRequest.php,class,HttpRequest,1,retain,"Protocol value, validation, bounded wire state or transport responsibility",Represents a normalized HTTP request and its runtime request context.
src/Http/Internal/AuthorityValidator.php,class,AuthorityValidator,5,retain,"Protocol value, validation, bounded wire state or transport responsibility",Validates and canonicalizes HTTP authority values without accepting URI userinfo.
src/Http/Internal/BufferedRequestBody.php,class,BufferedRequestBody,8,retain,"Protocol value, validation, bounded wire state or transport responsibility",Exposes a fully buffered request body through the streaming body contract.
src/Http/Internal/CallbackResponseWriter.php,class,CallbackResponseWriter,11,retain,"Protocol value, validation, bounded wire state or transport responsibility",Adapts host callbacks to the common HTTP response writer contract.
src/Http/Internal/ContentLengthParser.php,class,ContentLengthParser,1,retain,"Protocol value, validation, bounded wire state or transport responsibility",Parses decimal Content-Length values with platform-safe integer bounds.
src/Http/Internal/HeaderValidationException.php,class,HeaderValidationException,0,retain,"Protocol value, validation, bounded wire state or transport responsibility",Reports invalid normalized HTTP request header or pseudo-header state.
src/Http/Internal/RequestHeaderValidator.php,class,RequestHeaderValidator,18,retain,"Protocol value, validation, bounded wire state or transport responsibility",Validates HTTP/2 and HTTP/3 request field sections into normalized request metadata.
src/Http/Internal/ResponseSemantics.php,class,ResponseSemantics,4,retain,"Protocol value, validation, bounded wire state or transport responsibility",Centralizes protocol-independent final-response body semantics.
src/Http/Internal/ResponseTerminalState.php,class,ResponseTerminalState,2,retain,"Protocol value, validation, bounded wire state or transport responsibility",Owns bounded exactly-once terminal response observers shared by all writers.  @internal
src/Http/Internal/StreamingRequestBody.php,class,StreamingRequestBody,23,retain,"Protocol value, validation, bounded wire state or transport responsibility",Buffers an incrementally received request body with bounded backpressure and cancellation hooks.
src/Http/Internal/ValidatedRequestHead.php,class,ValidatedRequestHead,1,retain,"Protocol value, validation, bounded wire state or transport responsibility",Carries normalized request-line metadata after protocol header validation.
src/Http/NativeHttpConnection.php,class,NativeHttpConnection,3,retain,"Protocol value, validation, bounded wire state or transport responsibility",Attaches a negotiated native stream connection to HTTP/1.1 or HTTP/2 handling.
src/Http/RequestBodyInterface.php,interface,RequestBodyInterface,7,retain,"Protocol value, validation, bounded wire state or transport responsibility","Defines incremental request-body consumption, notifications, and trailer access."
src/Http/ResponseTransfer.php,class,ResponseTransfer,8,retain,"Protocol value, validation, bounded wire state or transport responsibility",Copies an authorized stream into one response using bounded coroutine-aware backpressure.
src/Http/ResponseWriterInterface.php,interface,ResponseWriterInterface,7,retain,"Protocol value, validation, bounded wire state or transport responsibility",Defines streaming HTTP response lifecycle and backpressure operations.
src/Internal/MonotonicTime.php,class,MonotonicTime,4,retain,Shared safe monotonic-time operations,Provides checked monotonic-time conversion and deadline arithmetic.  @internal
src/Loop/EventLoop.php,class,EventLoop,17,retain,"Backend, timer ownership, portability or diagnostics contract",Adapts ext-event to Runwire's bounded loop contract without making the extension mandatory.
src/Loop/Internal/NativeSwooleReactor.php,class,NativeSwooleReactor,16,retain,"Backend, timer ownership, portability or diagnostics contract",@internal Bridges Runwire loop operations to the available Swoole/OpenSwoole reactor APIs.
src/Loop/Internal/SwooleReactorInterface.php,interface,SwooleReactorInterface,12,retain,"Backend, timer ownership, portability or diagnostics contract",@internal Defines the reactor operations needed by the Swoole-backed loop.
src/Loop/Internal/TimerQueue.php,class,TimerQueue,19,retain,"Backend, timer ownership, portability or diagnostics contract",Maintains one-shot and repeating loop timers in a deadline-ordered heap.
src/Loop/LoopDiagnosticsProviderInterface.php,interface,LoopDiagnosticsProviderInterface,1,retain,"Backend, timer ownership, portability or diagnostics contract",Exposes a point-in-time diagnostics snapshot for an event loop.
src/Loop/LoopDiagnosticsSnapshot.php,class,LoopDiagnosticsSnapshot,1,retain,"Backend, timer ownership, portability or diagnostics contract","Carries event-loop activity, latency, watcher, and callback-overrun diagnostics."
src/Loop/LoopFactory.php,class,LoopFactory,3,retain,"Backend, timer ownership, portability or diagnostics contract",Selects the best supported native event loop without weakening the portable fallback.
src/Loop/LoopInterface.php,interface,LoopInterface,9,retain,"Backend, timer ownership, portability or diagnostics contract","Defines timer, deferred, stream-watcher, and lifecycle operations for an event loop."
src/Loop/SelectLoop.php,class,SelectLoop,30,retain,"Backend, timer ownership, portability or diagnostics contract",Implements a portable stream-select event loop with timers and diagnostics.
src/Loop/SwooleLoop.php,class,SwooleLoop,22,retain,"Backend, timer ownership, portability or diagnostics contract",Bridges Runwire loop semantics onto an active Swoole/OpenSwoole coroutine reactor.
src/Metrics/DefaultRequestIdPolicy.php,class,DefaultRequestIdPolicy,3,retain,"Metrics schema, bounded diagnostics or request-ID policy extension",Resolves request IDs by optionally reusing valid supplied IDs or generating replacements.
src/Metrics/DiagnosticsPolicy.php,class,DiagnosticsPolicy,2,retain,"Metrics schema, bounded diagnostics or request-ID policy extension",Defines runtime diagnostics thresholds and worker reporting cadence.
src/Metrics/Enum/ApplicationErrorClass.php,enum,ApplicationErrorClass,0,retain,"Metrics schema, bounded diagnostics or request-ID policy extension",Classifies application and transport failures for runtime metrics.
src/Metrics/Enum/ProtocolMetric.php,enum,ProtocolMetric,0,retain,"Metrics schema, bounded diagnostics or request-ID policy extension",Names protocol-specific counters and gauges exposed in runtime metrics.
src/Metrics/GcPolicy.php,class,GcPolicy,1,retain,"Metrics schema, bounded diagnostics or request-ID policy extension","Defines request-count, memory-growth, and cadence thresholds for explicit GC collection."
src/Metrics/MetricsProviderInterface.php,interface,MetricsProviderInterface,1,retain,"Metrics schema, bounded diagnostics or request-ID policy extension",Provides immutable runtime metrics snapshots.
src/Metrics/RandomRequestIdGenerator.php,class,RandomRequestIdGenerator,1,retain,"Metrics schema, bounded diagnostics or request-ID policy extension",Generates compact random request identifiers scoped with runtime process metadata.
src/Metrics/RequestIdGeneratorInterface.php,interface,RequestIdGeneratorInterface,1,retain,"Metrics schema, bounded diagnostics or request-ID policy extension",Generates request identifiers from runtime context.
src/Metrics/RequestIdPolicyInterface.php,interface,RequestIdPolicyInterface,1,retain,"Metrics schema, bounded diagnostics or request-ID policy extension",Resolves a final request identifier from runtime context and an optional candidate.
src/Metrics/RuntimeHealthSnapshot.php,class,RuntimeHealthSnapshot,2,retain,"Metrics schema, bounded diagnostics or request-ID policy extension","Carries liveness, readiness, health, and draining state for a runtime."
src/Metrics/RuntimeMetrics.php,class,RuntimeMetrics,24,retain,"Metrics schema, bounded diagnostics or request-ID policy extension","Accumulates bounded runtime, protocol, request, connection, and error metrics."
src/Metrics/RuntimeMetricsSnapshot.php,class,RuntimeMetricsSnapshot,6,retain,"Metrics schema, bounded diagnostics or request-ID policy extension",Carries a versioned immutable runtime metrics sample suitable for serialization.
src/Network/Connection.php,class,Connection,46,retain,"Transport, bounded buffering, capability or connection ownership","Manages a non-blocking stream connection with bounded buffering, callbacks, backpressure, and timeouts."
src/Network/ConnectionLimits.php,class,ConnectionLimits,2,retain,"Transport, bounded buffering, capability or connection ownership","Defines bounded connection I/O, buffering, watermark, and timeout limits."
src/Network/Datagram.php,class,Datagram,1,retain,"Transport, bounded buffering, capability or connection ownership",Carries a received datagram with peer and local addressing metadata.
src/Network/DatagramListener.php,class,DatagramListener,17,retain,"Transport, bounded buffering, capability or connection ownership",Provides bounded non-blocking UDP receive and send operations on an event loop.
src/Network/DatagramOptions.php,class,DatagramOptions,1,retain,"Transport, bounded buffering, capability or connection ownership","Defines UDP datagram sizing, batching, socket context, and port-reuse options."
src/Network/DatagramWriteResult.php,class,DatagramWriteResult,2,retain,"Transport, bounded buffering, capability or connection ownership",Carries the state and accepted byte count of a datagram write attempt.
src/Network/Enum/CloseReason.php,enum,CloseReason,0,retain,"Transport, bounded buffering, capability or connection ownership",Classifies connection termination reasons.
src/Network/Enum/ConnectionState.php,enum,ConnectionState,0,retain,"Transport, bounded buffering, capability or connection ownership",Represents the lifecycle state of a stream connection.
src/Network/Enum/DatagramWriteState.php,enum,DatagramWriteState,0,retain,"Transport, bounded buffering, capability or connection ownership",Describes the outcome of a datagram write attempt.
src/Network/Enum/StreamTransport.php,enum,StreamTransport,0,retain,"Transport, bounded buffering, capability or connection ownership",Identifies supported stream transport families.
src/Network/Enum/WriteState.php,enum,WriteState,0,retain,"Transport, bounded buffering, capability or connection ownership","Describes acceptance, pressure, closure, or limit rejection for stream writes."
src/Network/Internal/ByteBudget.php,class,ByteBudget,6,retain,"Transport, bounded buffering, capability or connection ownership",Accounts actual Runwire-owned queued bytes against a shared worker ceiling.
src/Network/Internal/ByteQueue.php,class,ByteQueue,12,retain,"Transport, bounded buffering, capability or connection ownership","Stores byte chunks with efficient front reads, discards, and compaction."
src/Network/Internal/ConnectionCallbackOwnership.php,class,ConnectionCallbackOwnership,4,retain,"Transport, bounded buffering, capability or connection ownership",Tracks exclusive ownership of a connection's callback slots.  @internal
src/Network/Internal/ConnectionTimeouts.php,class,ConnectionTimeouts,5,retain,"Transport, bounded buffering, capability or connection ownership",Manages idle and lifetime timers for a network connection.
src/Network/Internal/TlsHandshake.php,class,TlsHandshake,7,retain,"Transport, bounded buffering, capability or connection ownership",Drives a non-blocking server-side TLS handshake on the event loop.
src/Network/ListenerOptions.php,class,ListenerOptions,1,retain,"Transport, bounded buffering, capability or connection ownership","Configures stream-listener capacity, batching, and socket context behavior."
src/Network/SocketCapabilityProbe.php,class,SocketCapabilityProbe,2,retain,"Transport, bounded buffering, capability or connection ownership",Probes runtime support for optional socket capabilities used by listeners.
src/Network/TcpListener.php,class,TcpListener,25,retain,"Transport, bounded buffering, capability or connection ownership",Accepts non-blocking TCP connections and optionally upgrades them through TLS.
src/Network/TlsOptions.php,class,TlsOptions,3,retain,"Transport, bounded buffering, capability or connection ownership","Configures server-side TLS certificates, ALPN, and handshake behavior."
src/Network/UnixListener.php,class,UnixListener,26,retain,"Transport, bounded buffering, capability or connection ownership",Accepts non-blocking Unix-domain stream connections on a filesystem socket.
src/Network/UnixListenerOptions.php,class,UnixListenerOptions,1,retain,"Transport, bounded buffering, capability or connection ownership",Configures Unix-domain listener path ownership and permissions.
src/Network/WriteResult.php,class,WriteResult,3,retain,"Transport, bounded buffering, capability or connection ownership",Describes the outcome and buffered-byte state of a connection write.
src/Network/Internal/ConnectionCallbackDispatcher.php,class,ConnectionCallbackDispatcher,2,candidate C5,Single-owner callback dispatch; preserve failure and cleanup ordering,Dispatches connection callbacks while preserving deterministic cleanup semantics.
src/Process/Command.php,class,Command,12,retain,"Validated command, stream/process resource or termination ownership",Immutable child-process command definition with fluent copy helpers.
src/Process/Enum/IoMode.php,enum,IoMode,0,retain,"Validated command, stream/process resource or termination ownership",Selects how a child-process output stream is handled.
src/Process/Enum/OutputOverflowPolicy.php,enum,OutputOverflowPolicy,0,retain,"Validated command, stream/process resource or termination ownership",Determines how process execution reacts when captured output exceeds its limit.
src/Process/Enum/TerminationReason.php,enum,TerminationReason,0,retain,"Validated command, stream/process resource or termination ownership",Identifies why a child process stopped running.
src/Process/Internal/CommandValidator.php,class,CommandValidator,7,retain,"Validated command, stream/process resource or termination ownership",Validates process commands against the configured execution policy.
src/Process/Internal/InputSource.php,class,InputSource,11,retain,"Validated command, stream/process resource or termination ownership","Normalizes process stdin from strings, streams, or callable producers."
src/Process/Internal/OutputSink.php,class,OutputSink,5,retain,"Validated command, stream/process resource or termination ownership",Collects or streams child-process output while tracking truncation.
src/Process/Internal/PreparedCommand.php,class,PreparedCommand,1,retain,"Validated command, stream/process resource or termination ownership",Holds a validated command and normalized execution arguments.
src/Process/Internal/ProcessHandle.php,class,ProcessHandle,8,retain,"Validated command, stream/process resource or termination ownership",Owns a child-process resource and its termination lifecycle.
src/Process/Internal/ProcessTermination.php,class,ProcessTermination,6,retain,"Validated command, stream/process resource or termination ownership",Tracks and enforces the bounded child-process termination sequence.
src/Process/Internal/ProcessTerminator.php,class,ProcessTerminator,5,retain,"Validated command, stream/process resource or termination ownership",Terminates owned child processes and their isolated POSIX process groups when available.  @internal
src/Process/ProcessPolicy.php,class,ProcessPolicy,6,retain,"Validated command, stream/process resource or termination ownership",Defines security and resource ceilings for child-process execution.
src/Process/ProcessResult.php,class,ProcessResult,4,retain,"Validated command, stream/process resource or termination ownership","Captures child-process exit state, output, and execution statistics."
src/Process/ProcessRunner.php,class,ProcessRunner,19,retain,"Validated command, stream/process resource or termination ownership",Executes validated child-process commands with bounded I/O and termination handling.
src/Protocol/CodecException.php,class,CodecException,0,retain,Framing provider or public codec/connection boundary,Signals invalid or incomplete protocol frame encoding and decoding.
src/Protocol/Enum/LengthPrefixFormat.php,enum,LengthPrefixFormat,1,retain,Framing provider or public codec/connection boundary,Defines supported fixed-width frame length-prefix encodings.
src/Protocol/FrameCodecInterface.php,interface,FrameCodecInterface,4,retain,Framing provider or public codec/connection boundary,Encodes application frames and incrementally decodes framed byte streams.
src/Protocol/FramedConnection.php,class,FramedConnection,10,retain,Framing provider or public codec/connection boundary,Adapts a byte-stream connection to framed message send and receive operations.
src/Protocol/LengthPrefixedCodec.php,class,LengthPrefixedCodec,10,retain,Framing provider or public codec/connection boundary,Encodes and incrementally decodes frames using a fixed-width length prefix.
src/Protocol/LineCodec.php,class,LineCodec,6,retain,Framing provider or public codec/connection boundary,Encodes and incrementally decodes delimiter-terminated text frames.
src/Protocol/RawCodec.php,class,RawCodec,4,retain,Framing provider or public codec/connection boundary,Treats each non-empty incoming byte chunk as a complete frame without transformation.
src/RequestContext.php,class,RequestContext,25,retain,"Public entry point, validated policy or request/cancellation ownership","Carries per-request runtime binding, cancellation, deadlines, and bounded attributes."
src/RequestDeadline.php,class,RequestDeadline,5,retain,"Public entry point, validated policy or request/cancellation ownership",Represents an optional monotonic deadline for request execution.
src/RoadRunnerOptions.php,class,RoadRunnerOptions,1,retain,"Public entry point, validated policy or request/cancellation ownership",Configures RoadRunner request and response body limits.
src/Runtime/AdmissionPolicy.php,class,AdmissionPolicy,3,retain,"Driver, capability, application or worker lifecycle responsibility","Defines request, connection, and stream admission ceilings for a worker."
src/Runtime/ApplicationLifecycle.php,class,ApplicationLifecycle,11,retain,"Driver, capability, application or worker lifecycle responsibility","Coordinates application startup, admission, request cleanup, draining, and shutdown."
src/Runtime/ApplicationLifecycleHooks.php,class,ApplicationLifecycleHooks,1,retain,"Driver, capability, application or worker lifecycle responsibility",Bundles optional application lifecycle callbacks and request resetters.
src/Runtime/CoroutineRequestHandler.php,class,CoroutineRequestHandler,3,retain,"Driver, capability, application or worker lifecycle responsibility",Adapts an HTTP handler to execute within a request-scoped coroutine runtime.
src/Runtime/DevelopmentWatchPolicy.php,class,DevelopmentWatchPolicy,1,retain,"Driver, capability, application or worker lifecycle responsibility","Configures development file watching, polling, and reload debouncing."
src/Runtime/Driver/FpmDriver.php,class,FpmDriver,3,retain,"Driver, capability, application or worker lifecycle responsibility",Runs a single request through PHP-FPM's request-owned lifecycle.
src/Runtime/Driver/FrankenPhpDriver.php,class,FrankenPhpDriver,7,retain,"Driver, capability, application or worker lifecycle responsibility",Runs applications through FrankenPHP classic or persistent worker mode.
src/Runtime/Driver/RoadRunnerDriver.php,class,RoadRunnerDriver,4,retain,"Driver, capability, application or worker lifecycle responsibility",Runs persistent HTTP request handling through a RoadRunner worker session.
src/Runtime/Driver/SwooleDriver.php,class,SwooleDriver,13,retain,"Driver, capability, application or worker lifecycle responsibility",Runs HTTP applications on a Swoole or OpenSwoole host server.
src/Runtime/Enum/ApplicationStartupPhase.php,enum,ApplicationStartupPhase,0,retain,"Driver, capability, application or worker lifecycle responsibility",Identifies application boot and warmup startup phases.
src/Runtime/Enum/CancellationReason.php,enum,CancellationReason,0,retain,"Driver, capability, application or worker lifecycle responsibility",Classifies request and coroutine cancellation causes.
src/Runtime/Enum/FrankenPhpMode.php,enum,FrankenPhpMode,0,retain,"Driver, capability, application or worker lifecycle responsibility","Selects FrankenPHP automatic, classic, or worker execution mode."
src/Runtime/Enum/OpcacheMode.php,enum,OpcacheMode,0,retain,"Driver, capability, application or worker lifecycle responsibility",Defines runtime OPcache preference and requirement modes.
src/Runtime/Enum/RuntimeCapability.php,enum,RuntimeCapability,0,retain,"Driver, capability, application or worker lifecycle responsibility",Names capabilities that may be exposed by a resolved runtime environment.
src/Runtime/Enum/RuntimeDriver.php,enum,RuntimeDriver,0,retain,"Driver, capability, application or worker lifecycle responsibility",Identifies supported native and host-owned runtime drivers.
src/Runtime/Host/DynamicHostObject.php,class,DynamicHostObject,2,retain,"Driver, capability, application or worker lifecycle responsibility",Provides validated dynamic access to host-runtime object properties and methods.
src/Runtime/Host/HostDriverFactory.php,class,HostDriverFactory,1,candidate W1,Single-caller driver construction; public contract and complexity review,Creates host-owned runtime driver implementations from resolved driver selections.
src/Runtime/Host/HostDriverInterface.php,interface,HostDriverInterface,2,retain,"Driver, capability, application or worker lifecycle responsibility",Defines the lifecycle contract implemented by host-owned runtime drivers.
src/Runtime/Host/HostProtocolVersion.php,class,HostProtocolVersion,1,retain,"Driver, capability, application or worker lifecycle responsibility",Maps explicit host protocol metadata without silently upgrading unknown versions.
src/Runtime/Host/HostRequestFactory.php,class,HostRequestFactory,8,retain,"Driver, capability, application or worker lifecycle responsibility",Normalizes host-provided request metadata and bodies into Runwire HTTP requests.
src/Runtime/Host/NativePhpResponseWriterFactory.php,class,NativePhpResponseWriterFactory,1,retain,"Driver, capability, application or worker lifecycle responsibility",Creates response writers backed by PHP's native response APIs and output stream.
src/Runtime/Host/RoadRunnerResponseWriter.php,class,RoadRunnerResponseWriter,13,retain,"Driver, capability, application or worker lifecycle responsibility",Streams bounded HTTP responses through a RoadRunner session.
src/Runtime/Host/RoadRunnerSession.php,class,RoadRunnerSession,10,retain,"Driver, capability, application or worker lifecycle responsibility",Adapts RoadRunner worker objects to Runwire's host session contract.
src/Runtime/Host/RoadRunnerSessionInterface.php,interface,RoadRunnerSessionInterface,3,retain,"Driver, capability, application or worker lifecycle responsibility",Defines request and response operations required by the RoadRunner driver.
src/Runtime/Host/RuntimeApplication.php,class,RuntimeApplication,9,candidate C8,Application facade delegates lifecycle; public migration and ownership review,Exposes an application lifecycle through the host runtime application contract.
src/Runtime/Internal/AdmissionController.php,class,AdmissionController,5,retain,"Driver, capability, application or worker lifecycle responsibility",Enforces per-worker request and stream admission limits.
src/Runtime/Internal/ApplicationShutdown.php,class,ApplicationShutdown,2,retain,"Driver, capability, application or worker lifecycle responsibility",Preserves primary runtime failures while completing application shutdown.
src/Runtime/Internal/BoundDatagramServer.php,class,BoundDatagramServer,1,retain,"Driver, capability, application or worker lifecycle responsibility",Pairs a datagram server definition with its bound listener.
src/Runtime/Internal/BoundServer.php,class,BoundServer,1,retain,"Driver, capability, application or worker lifecycle responsibility",Pairs an HTTP server definition with its bound TCP listener.
src/Runtime/Internal/BoundStreamServer.php,class,BoundStreamServer,1,retain,"Driver, capability, application or worker lifecycle responsibility",Pairs a framed stream server definition with its bound transport listener.
src/Runtime/Internal/DevelopmentWatcher.php,class,DevelopmentWatcher,9,retain,"Driver, capability, application or worker lifecycle responsibility",Polls development files and debounces change callbacks on an event loop.
src/Runtime/Internal/NativeDatagramWorker.php,class,NativeDatagramWorker,2,retain,"Driver, capability, application or worker lifecycle responsibility",Runs native datagram servers inside native event loops.
src/Runtime/Internal/NativeHttp3Attachment.php,class,NativeHttp3Attachment,15,retain,"Driver, capability, application or worker lifecycle responsibility",Owns one portable HTTP/3 attachment lifecycle on a shared native loop.  @internal
src/Runtime/Internal/NativeHttp3Worker.php,class,NativeHttp3Worker,5,retain,"Driver, capability, application or worker lifecycle responsibility",Runs native HTTP/3 QUIC handling inside native runtime workers.
src/Runtime/Internal/NativeHttpWorker.php,class,NativeHttpWorker,6,retain,"Driver, capability, application or worker lifecycle responsibility",Runs native HTTP/1.1 and HTTP/2 sessions inside native event loops.
src/Runtime/Internal/NativeStreamWorker.php,class,NativeStreamWorker,4,retain,"Driver, capability, application or worker lifecycle responsibility",Runs framed TCP or Unix-domain stream sessions inside native event loops.
src/Runtime/Internal/NativeTopologyValidator.php,class,NativeTopologyValidator,3,retain,"Driver, capability, application or worker lifecycle responsibility",Validates capability-sensitive native listener topology before resources are bound.
src/Runtime/Internal/NativeWorkerHandle.php,class,NativeWorkerHandle,4,retain,"Driver, capability, application or worker lifecycle responsibility",Controls one native worker attachment without owning its event loop.
src/Runtime/Internal/PortableNativeRuntime.php,class,PortableNativeRuntime,16,retain,"Driver, capability, application or worker lifecycle responsibility",Runs native listeners in one process when prefork process capabilities are unavailable.
src/Runtime/Internal/RequestFinalizer.php,class,RequestFinalizer,10,retain,"Driver, capability, application or worker lifecycle responsibility",Owns exactly-once terminal accounting for one admitted application request.  @internal
src/Runtime/Internal/SystemResourceProbe.php,class,SystemResourceProbe,12,retain,"Driver, capability, application or worker lifecycle responsibility",Detects effective CPU and memory limits from the host and cgroup environment.
src/Runtime/Internal/WorkerDiagnosticsSampler.php,class,WorkerDiagnosticsSampler,2,retain,"Driver, capability, application or worker lifecycle responsibility",Periodically reports runtime and loop diagnostics through a worker context.
src/Runtime/Internal/WorkerRecycleState.php,class,WorkerRecycleState,10,retain,"Driver, capability, application or worker lifecycle responsibility","Tracks worker request, memory, and lifetime thresholds for recycle decisions."
src/Runtime/Internal/WorkerStopState.php,class,WorkerStopState,4,retain,"Driver, capability, application or worker lifecycle responsibility",Tracks whether a native worker is stopping and coordinates loop termination.
src/Runtime/LoopAwareRequestHandlerInterface.php,interface,LoopAwareRequestHandlerInterface,1,retain,"Driver, capability, application or worker lifecycle responsibility",Allows a request handler to attach cooperative work to a runtime-owned loop.
src/Runtime/RequestExecutionPolicy.php,class,RequestExecutionPolicy,3,retain,"Driver, capability, application or worker lifecycle responsibility","Configures request deadlines, garbage collection, and request ID resolution."
src/Runtime/RequestResetterInterface.php,interface,RequestResetterInterface,1,retain,"Driver, capability, application or worker lifecycle responsibility",Resets request-scoped application state after request handling completes.
src/Runtime/RequestResetterRegistry.php,class,RequestResetterRegistry,3,retain,"Driver, capability, application or worker lifecycle responsibility",Stores bounded request resetters and executes them while collecting failures.
src/Runtime/RuntimeApplicationFactoryInterface.php,interface,RuntimeApplicationFactoryInterface,1,retain,"Driver, capability, application or worker lifecycle responsibility",Creates runtime applications for a concrete worker or host runtime context.
src/Runtime/RuntimeApplicationInterface.php,interface,RuntimeApplicationInterface,7,retain,"Driver, capability, application or worker lifecycle responsibility",Defines the lifecycle and request-handling contract for runtime applications.
src/Runtime/RuntimeCapabilityResolver.php,class,RuntimeCapabilityResolver,6,retain,"Driver, capability, application or worker lifecycle responsibility",Builds concrete runtime capability sets from driver and environment information.
src/Runtime/RuntimeDriverResolver.php,class,RuntimeDriverResolver,2,retain,"Driver, capability, application or worker lifecycle responsibility",Selects a concrete runtime driver from explicit or automatic runtime policy.
src/Runtime/RuntimeEnvironment.php,class,RuntimeEnvironment,8,retain,"Driver, capability, application or worker lifecycle responsibility","Describes detected host runtime drivers, extensions, and effective system resources."
src/Runtime/RuntimeEnvironmentProbe.php,class,RuntimeEnvironmentProbe,16,retain,"Driver, capability, application or worker lifecycle responsibility","Detects runtime hosts, extensions, OPcache state, and system resources."
src/Runtime/RuntimeSelection.php,class,RuntimeSelection,1,retain,"Driver, capability, application or worker lifecycle responsibility","Captures a resolved runtime driver, capabilities, and selection warnings."
src/Runtime/RuntimeSelector.php,class,RuntimeSelector,5,retain,"Driver, capability, application or worker lifecycle responsibility",Resolves a runtime driver and validates capability-dependent runtime options.
src/Runtime/SystemResources.php,class,SystemResources,2,retain,"Driver, capability, application or worker lifecycle responsibility",Describes effective CPU and memory resources available to the runtime.
src/Runtime.php,class,Runtime,31,retain,"Public entry point, validated policy or request/cancellation ownership",Configures and runs native or host-owned Runwire application runtimes.
src/RuntimeCapabilities.php,class,RuntimeCapabilities,3,retain,"Public entry point, validated policy or request/cancellation ownership",Describes capabilities and ownership semantics of a resolved runtime driver.
src/RuntimeContext.php,class,RuntimeContext,7,retain,"Public entry point, validated policy or request/cancellation ownership","Describes the active runtime execution context, capabilities, and metrics state."
src/RuntimeOptions.php,class,RuntimeOptions,1,retain,"Public entry point, validated policy or request/cancellation ownership","Collects runtime driver, lifecycle, admission, diagnostics, and host-specific options."
src/Server.php,class,Server,13,retain,"Public entry point, validated policy or request/cancellation ownership","Defines a managed HTTP server and its worker, protocol, transport, and application policies."
src/StreamServer.php,class,StreamServer,15,retain,"Public entry point, validated policy or request/cancellation ownership",Defines a managed framed stream server over TCP or Unix-domain sockets.
src/Supervisor/Enum/ChildExitAction.php,enum,ChildExitAction,0,retain,"Worker identity, supervision policy, lifecycle or process boundary",Describes the supervisor action selected after a child process exits.
src/Supervisor/Enum/ShutdownReason.php,enum,ShutdownReason,0,retain,"Worker identity, supervision policy, lifecycle or process boundary",Classifies intentional and failure-driven worker shutdown causes.
src/Supervisor/Enum/SupervisorEventType.php,enum,SupervisorEventType,0,retain,"Worker identity, supervision policy, lifecycle or process boundary",Identifies lifecycle and health events emitted by the supervisor.
src/Supervisor/Enum/WorkerExitReason.php,enum,WorkerExitReason,0,retain,"Worker identity, supervision policy, lifecycle or process boundary",Classifies worker-process exit outcomes for supervision and restart policy.
src/Supervisor/Enum/WorkerRole.php,enum,WorkerRole,2,retain,"Worker identity, supervision policy, lifecycle or process boundary",Identifies the operational role assigned to a supervised worker group.
src/Supervisor/Enum/WorkerState.php,enum,WorkerState,1,retain,"Worker identity, supervision policy, lifecycle or process boundary",Represents the lifecycle and health state of a supervised worker.
src/Supervisor/Internal/ChildExitTransition.php,class,ChildExitTransition,3,retain,"Worker identity, supervision policy, lifecycle or process boundary",Computes the supervisor transition to apply after a child process exits.
src/Supervisor/Internal/ChildReaper.php,class,ChildReaper,4,retain,"Worker identity, supervision policy, lifecycle or process boundary",Normalizes child-process wait status and performs non-blocking reap cycles.
src/Supervisor/Internal/ChildRecord.php,class,ChildRecord,1,retain,"Worker identity, supervision policy, lifecycle or process boundary",Stores mutable supervisor state for one child worker process.
src/Supervisor/Internal/ChildSet.php,class,ChildSet,5,retain,"Worker identity, supervision policy, lifecycle or process boundary",Provides derived state and slot queries across supervised child records.
src/Supervisor/Internal/IdentitySystemInterface.php,interface,IdentitySystemInterface,6,retain,"Worker identity, supervision policy, lifecycle or process boundary",Provides the operating-system identity operations required by worker privilege dropping.  @internal
src/Supervisor/Internal/LifecycleEmitter.php,class,LifecycleEmitter,5,retain,"Worker identity, supervision policy, lifecycle or process boundary",Delivers supervisor lifecycle events while isolating and counting listener failures.
src/Supervisor/Internal/PeriodicTaskRegistry.php,class,PeriodicTaskRegistry,9,retain,"Worker identity, supervision policy, lifecycle or process boundary",Registers bounded periodic worker tasks and coordinates them with an event loop.
src/Supervisor/Internal/PosixIdentitySystem.php,class,PosixIdentitySystem,6,retain,"Worker identity, supervision policy, lifecycle or process boundary",Native POSIX identity operations used by supervised worker privilege dropping.  @internal
src/Supervisor/Internal/PrivilegeDropper.php,class,PrivilegeDropper,10,retain,"Worker identity, supervision policy, lifecycle or process boundary",Applies one worker identity transition with supplementary-group normalization.  @internal
src/Supervisor/Internal/ReadinessChannel.php,class,ReadinessChannel,3,retain,"Worker identity, supervision policy, lifecycle or process boundary","Manages worker readiness watchers, timers, and inherited readiness streams."
src/Supervisor/Internal/ReloadCoordinator.php,class,ReloadCoordinator,18,retain,"Worker identity, supervision policy, lifecycle or process boundary",Coordinates bounded rolling reloads across reloadable worker slots.
src/Supervisor/Internal/RestartCoordinator.php,class,RestartCoordinator,13,retain,"Worker identity, supervision policy, lifecycle or process boundary",Schedules worker restarts with bounded backoff and reload-aware failure handling.
src/Supervisor/Internal/RuntimeMetricsAggregator.php,class,RuntimeMetricsAggregator,6,retain,"Worker identity, supervision policy, lifecycle or process boundary",Aggregates per-worker runtime metric snapshots into a supervisor-wide snapshot.
src/Supervisor/Internal/SignalBridge.php,class,SignalBridge,11,retain,"Worker identity, supervision policy, lifecycle or process boundary",Bridges asynchronous POSIX signals into event-loop wakeups for the supervisor.
src/Supervisor/Internal/SupervisorStatusBuilder.php,class,SupervisorStatusBuilder,7,retain,"Worker identity, supervision policy, lifecycle or process boundary","Builds immutable supervisor status, worker health, and aggregate metrics snapshots."
src/Supervisor/Internal/WorkerChildRuntime.php,class,WorkerChildRuntime,5,retain,"Worker identity, supervision policy, lifecycle or process boundary",Boots and terminates one forked worker child under supervisor control.
src/Supervisor/Internal/WorkerCoroutineScope.php,class,WorkerCoroutineScope,10,retain,"Worker identity, supervision policy, lifecycle or process boundary",Owns background worker coroutines and coordinates their graceful shutdown.
src/Supervisor/Internal/WorkerLifecycleCoordinator.php,class,WorkerLifecycleCoordinator,12,retain,"Worker identity, supervision policy, lifecycle or process boundary",Applies worker lifecycle channel messages to supervisor child state.
src/Supervisor/PeriodicTaskHandle.php,class,PeriodicTaskHandle,3,retain,"Worker identity, supervision policy, lifecycle or process boundary",Provides idempotent cancellation for a registered periodic worker task.
src/Supervisor/PrivilegeDropPolicy.php,class,PrivilegeDropPolicy,8,retain,"Worker identity, supervision policy, lifecycle or process boundary",Configures and applies optional worker UID and GID privilege reduction.
src/Supervisor/ReloadPolicy.php,class,ReloadPolicy,1,retain,"Worker identity, supervision policy, lifecycle or process boundary","Defines surge, availability, readiness, and drain limits for rolling reloads."
src/Supervisor/RestartPolicy.php,class,RestartPolicy,2,retain,"Worker identity, supervision policy, lifecycle or process boundary",Defines worker restart budgets and exponential backoff behavior.
src/Supervisor/Supervisor.php,class,Supervisor,31,retain,"Worker identity, supervision policy, lifecycle or process boundary","Manages native worker groups, lifecycle events, reloads, recycling, signals, and control-plane state."
src/Supervisor/SupervisorEvent.php,class,SupervisorEvent,1,retain,"Worker identity, supervision policy, lifecycle or process boundary",Carries immutable metadata for one emitted supervisor lifecycle event.
src/Supervisor/SupervisorStatus.php,class,SupervisorStatus,1,retain,"Worker identity, supervision policy, lifecycle or process boundary","Represents a point-in-time supervisor, worker, health, and metrics snapshot."
src/Supervisor/WorkerContext.php,class,WorkerContext,33,retain,"Worker identity, supervision policy, lifecycle or process boundary","Exposes worker identity, lifecycle signaling, recycling, periodic work, and background coroutine controls."
src/Supervisor/WorkerGroup.php,class,WorkerGroup,2,retain,"Worker identity, supervision policy, lifecycle or process boundary","Defines one supervised worker group and its restart, recycle, admission, and identity policies."
src/Supervisor/WorkerRecyclePolicy.php,class,WorkerRecyclePolicy,2,retain,"Worker identity, supervision policy, lifecycle or process boundary","Defines request, lifetime, memory, jitter, and drain thresholds for worker recycling."
src/Supervisor/WorkerStatus.php,class,WorkerStatus,1,retain,"Worker identity, supervision policy, lifecycle or process boundary",Represents a point-in-time status snapshot for one supervised worker process.
src/SwooleOptions.php,class,SwooleOptions,3,retain,"Public entry point, validated policy or request/cancellation ownership",Configures the host-owned Swoole/OpenSwoole HTTP runtime adapter.
src/WebSocket/Internal/WebSocketFrame.php,class,WebSocketFrame,1,retain,"Upgrade, frame/message semantics or bounded session ownership",Carries one validated and unmasked WebSocket frame.  @internal
src/WebSocket/Internal/WebSocketFrameParser.php,class,WebSocketFrameParser,13,retain,"Upgrade, frame/message semantics or bounded session ownership",Incrementally parses bounded client-to-server WebSocket frames.  @internal
src/WebSocket/Internal/WebSocketProtocolException.php,class,WebSocketProtocolException,1,retain,"Upgrade, frame/message semantics or bounded session ownership",Represents a WebSocket protocol failure and its RFC close code.  @internal
src/WebSocket/Internal/WebSocketWireCodec.php,class,WebSocketWireCodec,4,retain,"Upgrade, frame/message semantics or bounded session ownership",Encodes server frames and validates/decodes close payloads.  @internal
src/WebSocket/WebSocketMessage.php,class,WebSocketMessage,1,retain,"Upgrade, frame/message semantics or bounded session ownership",Represents one fully reassembled inbound WebSocket message.
src/WebSocket/WebSocketOptions.php,class,WebSocketOptions,3,retain,"Upgrade, frame/message semantics or bounded session ownership","Defines bounded WebSocket frame, message, fairness, heartbeat, and close policies."
src/WebSocket/WebSocketSession.php,class,WebSocketSession,34,retain,"Upgrade, frame/message semantics or bounded session ownership",Owns one bounded native RFC 6455 WebSocket connection after HTTP/1 upgrade.
src/WebSocket/WebSocketUpgrade.php,class,WebSocketUpgrade,10,retain,"Upgrade, frame/message semantics or bounded session ownership",Validates and accepts native HTTP/1 RFC 6455 upgrade requests.
